MAE_X,MAE_Y,Acc_10_X,Acc_10_Y
86.17004166666666,89.58301388888889,6.527777777777779,4.444444444444445
